[
    {
        "id": "6899d8c62076d7.57537979",
        "appointment_number": "APT202508115484",
        "name": "Md. Faruque Hossain",
        "phone": "01706685943",
        "email": "faruquehossain1662025@gmail.com",
        "age": 53,
        "gender": "male",
        "service": "Scalling",
        "preferred_date": "2025-08-11",
        "preferred_time": "09:00",
        "problem_description": "fgdgfd",
        "emergency_contact": "01706685943",
        "status": "approved",
        "notes": "আপনি আমাদের সাথে কথা বলুন আজকেই আপনার কাজ শুরু হবে",
        "created_at": "2025-08-11 17:49:26",
        "updated_at": "2025-08-13 10:43:55"
    },
    {
        "id": "689b3ba3e7a8f9.42835011",
        "appointment_number": "APT202508123848",
        "name": "Md. Faruque Hossain",
        "phone": "01706685943",
        "email": "faruquehossain1662025@gmail.com",
        "age": 20,
        "gender": "male",
        "service": "স্কেলিং ও পলিশিং",
        "preferred_date": "2025-08-12",
        "preferred_time": "18:00",
        "problem_description": "",
        "emergency_contact": "",
        "status": "pending",
        "notes": "",
        "created_at": "2025-08-12 19:03:31"
    },
    {
        "id": "689b3ea89d0706.48737289",
        "appointment_number": "APT202508126620",
        "name": "Shitol Kar",
        "phone": "01706685943",
        "email": "faruquehossain1662025@gmail.com",
        "age": 20,
        "gender": "male",
        "service": "রুট ক্যানাল ট্রিটমেন্ট (RCT)",
        "preferred_date": "2025-08-12",
        "preferred_time": "18:00",
        "problem_description": "",
        "emergency_contact": "",
        "status": "pending",
        "notes": "",
        "created_at": "2025-08-12 19:16:24"
    },
    {
        "id": "689b3f62cc7e82.23665072",
        "appointment_number": "APT202508127865",
        "name": "Md. Faruque Hossain",
        "phone": "01706685943",
        "email": "faruquehossain1662025@gmail.com",
        "age": 12,
        "gender": "male",
        "service": "স্কেলিং ও পলিশিং",
        "preferred_date": "2025-08-12",
        "preferred_time": "10:00",
        "problem_description": "",
        "emergency_contact": "",
        "status": "approved",
        "notes": "",
        "created_at": "2025-08-12 19:19:30",
        "updated_at": "2025-08-14 11:29:41"
    },
    {
        "id": "689b44611ebf75.62104344",
        "appointment_number": "APT202508127950",
        "name": "Md. Faruque Hossain",
        "phone": "01706685943",
        "email": "faruquehossain1662025@gmail.com",
        "age": 10,
        "gender": "male",
        "service": "স্কেলিং ও পলিশিং",
        "preferred_date": "2025-08-12",
        "preferred_time": "19:00",
        "problem_description": "",
        "emergency_contact": "",
        "status": "rejected",
        "notes": "You Are Lost",
        "created_at": "2025-08-12 19:40:49",
        "updated_at": "2025-08-12 19:41:53"
    },
    {
        "id": "689c0e875877b0.31204947",
        "appointment_number": "APT202508138814",
        "name": "Md. Faruque Hossain",
        "phone": "01706685943",
        "email": "faruquehossain1662025@gmail.com",
        "age": 52,
        "gender": "male",
        "service": "দাঁত সাদা করা (Teeth Whitening)",
        "preferred_date": "2025-08-13",
        "preferred_time": "19:00",
        "problem_description": "",
        "emergency_contact": "",
        "status": "pending",
        "notes": "আপনি আসতে পারেন",
        "created_at": "2025-08-13 10:03:19",
        "updated_at": "2025-08-14 11:42:59"
    },
    {
        "id": "689c0fe761c446.27732292",
        "appointment_number": "APT202508133214",
        "name": "Shitol",
        "phone": "1706685943",
        "email": "info@creativedesign.com.bd",
        "age": 20,
        "gender": "male",
        "service": "স্কেলিং ও পলিশিং",
        "preferred_date": "2025-08-13",
        "preferred_time": "17:00",
        "problem_description": "",
        "emergency_contact": "",
        "status": "approved",
        "notes": "",
        "created_at": "2025-08-13 10:09:11",
        "updated_at": "2025-08-14 11:23:00"
    },
    {
        "id": "689ca4a6aba2d4.53948388",
        "appointment_number": "APT202508136847",
        "name": "Md. Faruque Hossain",
        "phone": "01706685943",
        "email": "faruquehossain1662025@gmail.com",
        "age": 15,
        "gender": "male",
        "service": "ডেন্টাল ইমপ্লান্ট",
        "preferred_date": "2025-08-13",
        "preferred_time": "11:00",
        "problem_description": "",
        "emergency_contact": "",
        "status": "approved",
        "notes": "",
        "created_at": "2025-08-13 20:43:50",
        "updated_at": "2025-08-14 11:48:36"
    },
    {
        "id": "689cd7b145c111.07011136",
        "appointment_number": "APT202508146455",
        "name": "generate_image.php",
        "phone": "1706685943",
        "email": "info@creativedesign.com.bd",
        "age": 23,
        "gender": "male",
        "service": "ব্রেস (Orthodontics)",
        "preferred_date": "2025-08-14",
        "preferred_time": "16:00",
        "problem_description": "",
        "emergency_contact": "",
        "status": "approved",
        "notes": "",
        "created_at": "2025-08-14 00:21:37",
        "updated_at": "2025-08-14 11:42:47"
    },
    {
        "id": "689d78ae5e3d21.98006479",
        "appointment_number": "APT202508140744",
        "name": "Md. Faruque Hossain",
        "phone": "01706685943",
        "email": "faruquehossain1662025@gmail.com",
        "age": 45,
        "gender": "male",
        "service": "ডেন্টাল ইমপ্লান্ট",
        "preferred_date": "2025-08-14",
        "preferred_time": "10:00",
        "problem_description": "",
        "emergency_contact": "",
        "status": "approved",
        "notes": "",
        "created_at": "2025-08-14 11:48:30",
        "updated_at": "2025-08-14 11:49:23"
    },
    {
        "id": "689d78de8e8a12.05572105",
        "appointment_number": "APT202508145552",
        "name": "Md. Faruque Hossain",
        "phone": "+8801706685943",
        "email": "faruquehossain1662025@gmail.com",
        "age": 52,
        "gender": "male",
        "service": "স্কেলিং ও পলিশিং",
        "preferred_date": "2025-08-14",
        "preferred_time": "12:00",
        "problem_description": "",
        "emergency_contact": "",
        "status": "pending",
        "notes": "",
        "created_at": "2025-08-14 11:49:18",
        "updated_at": "2025-08-14 19:49:09",
        "sms_sent": true,
        "sms_sent_date": "2025-08-14 11:49:28",
        "email_sent": true,
        "email_sent_date": "2025-08-14 19:48:05"
    },
    {
        "id": "689d7a99e8f945.22066258",
        "appointment_number": "APT202508141538",
        "name": "Md. Faruque Hossain",
        "phone": "1706685943",
        "email": "faruquehossain1662025@gmail.com",
        "age": 15,
        "gender": "male",
        "service": "স্কেলিং ও পলিশিং",
        "preferred_date": "2025-08-14",
        "preferred_time": "18:00",
        "problem_description": "",
        "emergency_contact": "",
        "status": "approved",
        "notes": "",
        "created_at": "2025-08-14 11:56:41",
        "updated_at": "2025-08-14 11:56:54"
    },
    {
        "id": "689d89211d9da8.99392756",
        "appointment_number": "APT202508143809",
        "name": "Md. Faruque Hossain",
        "phone": "01706685943",
        "email": "faruquehossain1662025@gmail.com",
        "age": 20,
        "gender": "male",
        "service": "স্কেলিং ও পলিশিং",
        "preferred_date": "2025-08-14",
        "preferred_time": "10:00",
        "problem_description": "",
        "emergency_contact": "",
        "status": "approved",
        "notes": "t",
        "created_at": "2025-08-14 12:58:41",
        "updated_at": "2025-08-14 15:50:16"
    },
    {
        "id": "689db1cddaefa8.11046369",
        "appointment_number": "APT202508149578",
        "name": "Shitol Kar",
        "phone": "+8801706685943",
        "email": "faruquehossain1662025@gmail.com",
        "age": 20,
        "gender": "male",
        "service": "সাধারণ চেকআপ",
        "preferred_date": "2025-08-14",
        "preferred_time": "09:00",
        "problem_description": "",
        "emergency_contact": "01706685943",
        "status": "pending",
        "notes": "",
        "created_at": "2025-08-14 15:52:13",
        "updated_at": "2025-08-14 19:47:53",
        "email_sent": true,
        "email_sent_date": "2025-08-14 19:44:40"
    },
    {
        "id": "689db454d6c376.16828857",
        "appointment_number": "APT202508141360",
        "name": "Shitol Kar",
        "phone": "+8801706685943",
        "email": "faruquehossain1662025@gmail.com",
        "age": 20,
        "gender": "male",
        "service": "সাধারণ চেকআপ",
        "preferred_date": "2025-08-14",
        "preferred_time": "09:00",
        "problem_description": "",
        "emergency_contact": "01706685943",
        "status": "pending",
        "notes": "",
        "created_at": "2025-08-14 16:03:00",
        "updated_at": "2025-08-14 19:12:01",
        "email_sent": true,
        "email_sent_date": "2025-08-14 19:09:57"
    },
    {
        "id": "689de090b2dec2.09968885",
        "appointment_number": "APT202508144815",
        "name": "Shitol Kar",
        "phone": "01706685943",
        "email": "faruquehossain1662025@gmail.com",
        "age": 20,
        "gender": "male",
        "service": "স্কেলিং ও পলিশিং",
        "preferred_date": "2025-08-14",
        "preferred_time": "09:00",
        "problem_description": "",
        "emergency_contact": "",
        "status": "rejected",
        "notes": "",
        "created_at": "2025-08-14 19:11:44",
        "updated_at": "2025-08-14 19:19:37",
        "email_sent": true,
        "email_sent_date": "2025-08-14 19:18:23"
    },
    {
        "id": "689de26302bca9.33976164",
        "appointment_number": "APT202508141791",
        "name": "Md. Faruque Hossain",
        "phone": "01706685943",
        "email": "faruquehossain1662025@gmail.com",
        "age": 12,
        "gender": "male",
        "service": "ফিলিং (কম্পোজিট)",
        "preferred_date": "2025-08-14",
        "preferred_time": "10:00",
        "problem_description": "",
        "emergency_contact": "",
        "status": "pending",
        "notes": "ধন্যবাদ",
        "created_at": "2025-08-14 19:19:31",
        "updated_at": "2025-08-14 20:15:35",
        "email_sent": true,
        "email_sent_date": "2025-08-14 20:15:37",
        "sms_sent": true,
        "sms_sent_date": "2025-08-14 20:02:14"
    },
    {
        "id": "689ef2e141d809.02609099",
        "appointment_number": "APT202508156305",
        "name": "Shaheer",
        "phone": "0170000000",
        "email": "shaheer@gmail.com",
        "age": 16,
        "gender": "male",
        "service": "স্কেলিং ও পলিশিং",
        "preferred_date": "2025-08-15",
        "preferred_time": "17:00",
        "problem_description": "",
        "emergency_contact": "",
        "status": "approved",
        "notes": "",
        "created_at": "2025-08-15 14:42:09",
        "updated_at": "2025-08-15 17:36:07",
        "email_sent": true,
        "email_sent_date": "2025-08-15 17:36:07"
    },
    {
        "id": "689f2bc6d07050.94553542",
        "name": "Md. Faruque Hossain",
        "phone": "01706685943",
        "email": "faruquehossain1662025@gmail.com",
        "age": 20,
        "gender": "পুরুষ",
        "address": "379, Rupnagar, Bardail, Dhamrai",
        "service": "রুট ক্যানাল ট্রিটমেন্ট (RCT)",
        "preferred_date": "2025-08-15",
        "preferred_time": "11:00",
        "message": "",
        "coupon_code": "",
        "original_amount": 6000,
        "discount_amount": 0,
        "final_amount": 6000,
        "status": "pending",
        "date": "15-08-2025",
        "time": "18:44:54",
        "created_at": "2025-08-15 18:44:54",
        "appointment_number": "APT20250815019"
    },
    {
        "id": "689f4983b3d1b0.00786074",
        "appointment_number": "APT202508159047",
        "name": "Md. Faruque Hossain",
        "phone": "01706685943",
        "email": "faruquehossain1662025@gmail.com",
        "age": 20,
        "gender": "male",
        "service": "স্কেলিং ও পলিশিং",
        "preferred_date": "2025-08-15",
        "preferred_time": "10:00",
        "problem_description": "",
        "emergency_contact": "",
        "status": "pending",
        "notes": "",
        "created_at": "2025-08-15 20:51:47"
    }
]