[
    {
        "id": "689b01de922526.78326364",
        "title": "সদফ",
        "subtitle": "দফসদফ",
        "image": "",
        "active": true,
        "order": 0,
        "created_at": "2025-08-12 14:57:02"
    },
    {
        "id": "689b01ecbf16b5.08122386",
        "title": "চেক",
        "subtitle": "খগঝগ",
        "image": "",
        "active": true,
        "order": 0,
        "created_at": "2025-08-12 14:57:16"
    },
    {
        "id": "689b2904199198.34939443",
        "title": "000",
        "subtitle": "0",
        "image": "https:\/\/infinitydentalcare.top\/admin\/uploads\/689b290419939.png",
        "active": true,
        "order": 4,
        "created_at": "2025-08-12 17:44:04"
    }
]