[
    {
        "id": "689de025a31ed6.70984178",
        "to": "faruquehossain1662025@gmail.com",
        "subject": "অ্যাপয়েন্টমেন্ট স্ট্যাটাস আপডেট - ইনফিনিটি ডেন্টাল কেয়ার",
        "status": "success",
        "error": "",
        "timestamp": "2025-08-14 19:09:57",
        "appointment_id": "689db454d6c376.16828857",
        "appointment_number": "APT202508141360"
    },
    {
        "id": "689de0aa58e572.17110663",
        "to": "faruquehossain1662025@gmail.com",
        "subject": "অ্যাপয়েন্টমেন্ট স্ট্যাটাস আপডেট - ইনফিনিটি ডেন্টাল কেয়ার",
        "status": "success",
        "error": "",
        "timestamp": "2025-08-14 19:12:10",
        "appointment_id": "689de090b2dec2.09968885",
        "appointment_number": "APT202508144815"
    },
    {
        "id": "689de21f8a8af4.35469101",
        "to": "faruquehossain1662025@gmail.com",
        "subject": "অ্যাপয়েন্টমেন্ট স্ট্যাটাস আপডেট - ইনফিনিটি ডেন্টাল কেয়ার",
        "status": "success",
        "error": "",
        "timestamp": "2025-08-14 19:18:23",
        "appointment_id": "689de090b2dec2.09968885",
        "appointment_number": "APT202508144815"
    },
    {
        "id": "689de27f790ad0.97235714",
        "to": "faruquehossain1662025@gmail.com",
        "subject": "অ্যাপয়েন্টমেন্ট স্ট্যাটাস আপডেট - ইনফিনিটি ডেন্টাল কেয়ার",
        "status": "success",
        "error": "",
        "timestamp": "2025-08-14 19:19:59",
        "appointment_id": "689de26302bca9.33976164",
        "appointment_number": "APT202508141791"
    },
    {
        "id": "689de3971f3c42.77350167",
        "to": "no-replay@infinitydentalcare.top",
        "subject": "টেস্ট ইমেইল - ইনফিনিটি ডেন্টাল কেয়ার",
        "status": "success",
        "error": "",
        "timestamp": "2025-08-14 19:24:39",
        "appointment_id": null,
        "appointment_number": null
    },
    {
        "id": "689de49e1f0f67.14700480",
        "to": "no-reply@infinitydentalcare.top",
        "subject": "টেস্ট ইমেইল - ইনফিনিটি ডেন্টাল কেয়ার",
        "status": "success",
        "error": "",
        "timestamp": "2025-08-14 19:29:02",
        "appointment_id": null,
        "appointment_number": null
    },
    {
        "id": "689de4da4ad326.72549724",
        "to": "no-reply@infinitydentalcare.top",
        "subject": "টেস্ট ইমেইল - ইনফিনিটি ডেন্টাল কেয়ার",
        "status": "success",
        "error": "",
        "timestamp": "2025-08-14 19:30:02",
        "appointment_id": null,
        "appointment_number": null
    },
    {
        "id": "689de848ca4dc4.30477046",
        "to": "faruquehossain1662025@gmail.com",
        "subject": "অ্যাপয়েন্টমেন্ট স্ট্যাটাস আপডেট - ইনফিনিটি ডেন্টাল কেয়ার",
        "status": "success",
        "error": "",
        "timestamp": "2025-08-14 19:44:40",
        "appointment_id": "689db1cddaefa8.11046369",
        "appointment_number": "APT202508149578"
    },
    {
        "id": "689de915f1e8a0.39264787",
        "to": "faruquehossain1662025@gmail.com",
        "subject": "অ্যাপয়েন্টমেন্ট স্ট্যাটাস আপডেট - ইনফিনিটি ডেন্টাল কেয়ার",
        "status": "success",
        "error": "",
        "timestamp": "2025-08-14 19:48:05",
        "appointment_id": "689d78de8e8a12.05572105",
        "appointment_number": "APT202508145552"
    },
    {
        "id": "689de9fe41a154.64871428",
        "to": "faruquehossain1662025@gmail.com",
        "subject": "Test Email - ইনফিনিটি ডেন্টাল কেয়ার",
        "status": "failed",
        "error": "SMTP command failed at step 4",
        "timestamp": "2025-08-14 19:51:58",
        "appointment_id": null,
        "appointment_number": null
    },
    {
        "id": "689dea715eae68.85084802",
        "to": "infinitydentalcare2025@gmail.com",
        "subject": "Test Email - ইনফিনিটি ডেন্টাল কেয়ার",
        "status": "failed",
        "error": "SMTP command failed at step 4",
        "timestamp": "2025-08-14 19:53:53",
        "appointment_id": null,
        "appointment_number": null
    },
    {
        "id": "689deae01c08d9.36617428",
        "to": "infinitydentalcare2025@gmail.com",
        "subject": "Test Email - ইনফিনিটি ডেন্টাল কেয়ার",
        "status": "failed",
        "error": "SMTP command failed at step 4",
        "timestamp": "2025-08-14 19:55:44",
        "appointment_id": null,
        "appointment_number": null
    },
    {
        "id": "689deb015b36e8.49757065",
        "to": "infinitydentalcare2025@gmail.com",
        "subject": "Test Email - ইনফিনিটি ডেন্টাল কেয়ার",
        "status": "failed",
        "error": "SMTP command failed at step 4",
        "timestamp": "2025-08-14 19:56:17",
        "appointment_id": null,
        "appointment_number": null
    },
    {
        "id": "689deb2f5a2532.65036092",
        "to": "faruquehossain1662025@gmail.com",
        "subject": "অ্যাপয়েন্টমেন্ট স্ট্যাটাস আপডেট - ইনফিনিটি ডেন্টাল কেয়ার",
        "status": "failed",
        "error": "SMTP command failed at step 4",
        "timestamp": "2025-08-14 19:57:03",
        "appointment_id": "689de26302bca9.33976164",
        "appointment_number": "APT202508141791"
    },
    {
        "id": "689deb2f692e81.83488414",
        "to": "faruquehossain1662025@gmail.com",
        "subject": "অ্যাপয়েন্টমেন্ট স্ট্যাটাস আপডেট - ইনফিনিটি ডেন্টাল কেয়ার",
        "status": "success",
        "error": "",
        "timestamp": "2025-08-14 19:57:03",
        "appointment_id": "689de26302bca9.33976164",
        "appointment_number": "APT202508141791"
    },
    {
        "id": "689dec331be868.94051582",
        "to": "faruquehossain1662025@gmail.com",
        "subject": "অ্যাপয়েন্টমেন্ট স্ট্যাটাস আপডেট - ইনফিনিটি ডেন্টাল কেয়ার",
        "status": "failed",
        "error": "SMTP command failed at step 4",
        "timestamp": "2025-08-14 20:01:23",
        "appointment_id": "689de26302bca9.33976164",
        "appointment_number": "APT202508141791"
    },
    {
        "id": "689dec33295d27.43998173",
        "to": "faruquehossain1662025@gmail.com",
        "subject": "অ্যাপয়েন্টমেন্ট স্ট্যাটাস আপডেট - ইনফিনিটি ডেন্টাল কেয়ার",
        "status": "success",
        "error": "",
        "timestamp": "2025-08-14 20:01:23",
        "appointment_id": "689de26302bca9.33976164",
        "appointment_number": "APT202508141791"
    },
    {
        "id": "689dec66577a51.77306710",
        "to": "faruquehossain1662025@gmail.com",
        "subject": "অ্যাপয়েন্টমেন্ট স্ট্যাটাস আপডেট - ইনফিনিটি ডেন্টাল কেয়ার",
        "status": "failed",
        "error": "SMTP command failed at step 4",
        "timestamp": "2025-08-14 20:02:14",
        "appointment_id": "689de26302bca9.33976164",
        "appointment_number": "APT202508141791"
    },
    {
        "id": "689dec6663dac5.77304683",
        "to": "faruquehossain1662025@gmail.com",
        "subject": "অ্যাপয়েন্টমেন্ট স্ট্যাটাস আপডেট - ইনফিনিটি ডেন্টাল কেয়ার",
        "status": "success",
        "error": "",
        "timestamp": "2025-08-14 20:02:14",
        "appointment_id": "689de26302bca9.33976164",
        "appointment_number": "APT202508141791"
    },
    {
        "id": "689def893a0f00.07529352",
        "to": "faruquehossain1662025@gmail.com",
        "subject": "অ্যাপয়েন্টমেন্ট স্ট্যাটাস আপডেট - ইনফিনিটি ডেন্টাল কেয়ার",
        "status": "failed",
        "error": "SMTP command failed at step 4",
        "timestamp": "2025-08-14 20:15:37",
        "appointment_id": "689de26302bca9.33976164",
        "appointment_number": "APT202508141791"
    },
    {
        "id": "689def894a7b67.92459532",
        "to": "faruquehossain1662025@gmail.com",
        "subject": "অ্যাপয়েন্টমেন্ট স্ট্যাটাস আপডেট - ইনফিনিটি ডেন্টাল কেয়ার",
        "status": "success",
        "error": "",
        "timestamp": "2025-08-14 20:15:37",
        "appointment_id": "689de26302bca9.33976164",
        "appointment_number": "APT202508141791"
    },
    {
        "id": "689defc82a8d50.30593531",
        "to": "no-reply@infinitydentalcare.top",
        "subject": "Test Email - ইনফিনিটি ডেন্টাল কেয়ার",
        "status": "failed",
        "error": "SMTP command failed at step 4",
        "timestamp": "2025-08-14 20:16:40",
        "appointment_id": null,
        "appointment_number": null
    },
    {
        "id": "689df06b2cff94.69575844",
        "to": "no-reply@infinitydentalcare.top",
        "subject": "Test Email - ইনফিনিটি ডেন্টাল কেয়ার",
        "status": "failed",
        "error": "SMTP command failed at step 4",
        "timestamp": "2025-08-14 20:19:23",
        "appointment_id": null,
        "appointment_number": null
    },
    {
        "id": "689f1ba7219708.94111646",
        "to": "shaheer@gmail.com",
        "subject": "অ্যাপয়েন্টমেন্ট স্ট্যাটাস আপডেট - ইনফিনিটি ডেন্টাল কেয়ার",
        "status": "success",
        "error": "",
        "timestamp": "2025-08-15 17:36:07",
        "appointment_id": "689ef2e141d809.02609099",
        "appointment_number": "APT202508156305"
    }
]