[
    {
        "id": "689b2d9ba25bb9.01491646",
        "title": "vvv",
        "description": "sfgdfhfghfg",
        "type": "image",
        "url": "https:\/\/infinitydentalcare.top\/uploads\/689b2d9ba25d3.jpg",
        "thumbnail": "https:\/\/infinitydentalcare.top\/uploads\/689b2d9ba25d3.jpg",
        "active": true,
        "order": 0,
        "created_at": "2025-08-12 18:03:39"
    },
    {
        "id": "689b306e1c5891.99068640",
        "title": "fgdf",
        "description": "gfdg",
        "type": "video",
        "url": "https:\/\/www.youtube.com\/watch?v=Y67MGRuriaE&amp;list=RDEMSx5DRJcYREwrkoLx37jF9g&amp;start_radio=1&amp;rv=3BYLqQTgdz8",
        "thumbnail": "",
        "active": true,
        "order": 0,
        "created_at": "2025-08-12 18:15:42"
    },
    {
        "id": "689b3091e7f4b4.95659028",
        "title": "https:\/\/www.youtube.com\/watch?v=V0jFYD0PirU&amp;list=RDEMSx5DRJcYREwrkoLx37jF9g&amp;index=2",
        "description": "fdcfd",
        "type": "video",
        "url": "https:\/\/www.youtube.com\/watch?v=V0jFYD0PirU&amp;list=RDEMSx5DRJcYREwrkoLx37jF9g&amp;index=2",
        "thumbnail": "",
        "active": true,
        "order": 0,
        "created_at": "2025-08-12 18:16:17"
    },
    {
        "id": "689b30a42011b0.89545061",
        "title": "dgd",
        "description": "dsgds",
        "type": "video",
        "url": "https:\/\/www.youtube.com\/watch?v=7SLGxEDyqWo&amp;list=RDEMSx5DRJcYREwrkoLx37jF9g&amp;index=3",
        "thumbnail": "",
        "active": true,
        "order": 0,
        "created_at": "2025-08-12 18:16:36"
    },
    {
        "id": "689b30b5e66902.92265177",
        "title": "sdfd",
        "description": "dfdf",
        "type": "video",
        "url": "https:\/\/www.youtube.com\/watch?v=B2aHXbnu9dI&amp;list=RDEMSx5DRJcYREwrkoLx37jF9g&amp;index=4",
        "thumbnail": "",
        "active": true,
        "order": 0,
        "created_at": "2025-08-12 18:16:53"
    },
    {
        "id": "689b316697bc66.11243957",
        "title": "ghjgh",
        "description": "ghjgh",
        "type": "video",
        "url": "https:\/\/www.youtube.com\/watch?v=OdL3O67C-Bc&amp;list=RDEMSx5DRJcYREwrkoLx37jF9g&amp;index=5",
        "thumbnail": "",
        "active": true,
        "order": 0,
        "created_at": "2025-08-12 18:19:50"
    },
    {
        "id": "689b317a367d08.37773614",
        "title": "hgfhgf",
        "description": "hgfhgh",
        "type": "video",
        "url": "https:\/\/www.youtube.com\/watch?v=ox2Mtg7QzSw&amp;list=RDEMSx5DRJcYREwrkoLx37jF9g&amp;index=6",
        "thumbnail": "",
        "active": true,
        "order": 0,
        "created_at": "2025-08-12 18:20:10"
    },
    {
        "id": "689b31d50b00d7.35990256",
        "title": "Dental Tips",
        "description": "De",
        "type": "video",
        "url": "https:\/\/www.youtube.com\/watch?v=x65o5L4cmH4",
        "thumbnail": "",
        "active": true,
        "order": 0,
        "created_at": "2025-08-12 18:21:41"
    },
    {
        "id": "689b3213901b98.94643820",
        "title": "Den",
        "description": "Den",
        "type": "video",
        "url": "https:\/\/www.youtube.com\/watch?v=nsdfn_jo8pY",
        "thumbnail": "",
        "active": true,
        "order": 0,
        "created_at": "2025-08-12 18:22:43"
    },
    {
        "id": "689b3230e51d33.24025041",
        "title": "Den",
        "description": "Den",
        "type": "video",
        "url": "https:\/\/www.youtube.com\/watch?v=wdn_MpN-C8Y",
        "thumbnail": "",
        "active": true,
        "order": 0,
        "created_at": "2025-08-12 18:23:12"
    }
]