[
    {
        "id": "news_001",
        "title": "নতুন আধুনিক ডেন্টাল এক্স-রে মেশিন চালু হয়েছে",
        "content": "আমাদের ক্লিনিকে সর্বাধুনিক ডিজিটাল ডেন্টাল এক্স-রে মেশিন চালু হয়েছে যা আরও নিখুঁত ডায়াগনোসিসে সাহায্য করবে।",
        "active": true,
        "created_at": "2025-01-12 10:00:00",
        "updated_at": "2025-08-13 11:18:22"
    },
    {
        "id": "news_002",
        "title": "এখন পর্যন্ত ৫০০০+ রোগীর সফল চিকিৎসা সম্পন্ন",
        "content": "আমাদের অভিজ্ঞ ডাক্তার ও আধুনিক চিকিৎসা পদ্ধতির মাধ্যমে এখন পর্যন্ত ৫০০০+ রোগীর সফল দন্ত চিকিৎসা সম্পন্ন হয়েছে।",
        "active": true,
        "created_at": "2025-01-10 14:30:00",
        "updated_at": "2025-08-13 11:18:20"
    },
    {
        "id": "news_003",
        "title": "বিনামূল্যে দন্ত পরীক্ষা ক্যাম্প আগামী সপ্তাহে",
        "content": "আগামী সপ্তাহে বিনামূল্যে দন্ত পরীক্ষা ও পরামর্শ ক্যাম্প অনুষ্ঠিত হবে। সীমিত আসন, আগে আসলে আগে পাবেন ভিত্তিতে।",
        "active": true,
        "created_at": "2025-01-08 09:15:00",
        "updated_at": "2025-01-08 09:15:00"
    }
]