[
    {
        "id": "offer_001",
        "title": "নতুন রোগীদের জন্য বিশেষ ছাড়",
        "description": "প্রথমবার আমাদের ক্লিনিকে আসা রোগীদের জন্য সকল ধরনের চিকিৎসায় বিশেষ ছাড়। এই সুযোগ সীমিত সময়ের জন্য।",
        "discount": "৩০%",
        "discount_percent": 30,
        "valid_until": "2025-02-28",
        "active": true,
        "created_at": "2025-01-12 08:00:00",
        "updated_at": "2025-01-12 08:00:00"
    },
    {
        "id": "offer_002",
        "title": "দাঁত পরিষ্কার ও পলিশিং অফার",
        "description": "দাঁত পরিষ্কার (স্কেলিং) ও পলিশিং একসাথে করালে পাবেন বিশেষ ছাড়। সুস্বাস্থ্য দাঁতের জন্য নিয়মিত পরিষ্কার জরুরি।",
        "discount": "২৫%", 
        "discount_percent": 25,
        "valid_until": "2025-01-31",
        "active": true,
        "created_at": "2025-01-10 11:30:00",
        "updated_at": "2025-01-10 11:30:00"
    },
    {
        "id": "offer_003",
        "title": "পারিবারিক প্যাকেজ ছাড়",
        "description": "একই পরিবারের ৩ জন বা তার বেশি সদস্য একসাথে চিকিৎসা নিলে পাবেন পারিবারিক প্যাকেজ ছাড়। পুরো পরিবারের দন্ত স্বাস্থ্য নিশ্চিত করুন।",
        "discount": "৪০%",
        "discount_percent": 40,
        "valid_until": "2025-03-15",
        "active": true,
        "created_at": "2025-01-05 16:45:00",
        "updated_at": "2025-01-05 16:45:00"
    }
]