[
    {
        "id": "6899d8c6207e81.48475152",
        "name": "Md. Faruque Hossain",
        "phone": "01706685943",
        "email": "faruquehossain1662025@gmail.com",
        "age": 53,
        "gender": "male",
        "emergency_contact": "01706685943",
        "created_at": "2025-08-11 17:49:26",
        "address": "379, Rupnagar, Bardail, Dhamrai",
        "blood_group": "O+",
        "medical_history": "",
        "allergies": "",
        "notes": "",
        "updated_at": "2025-08-11 18:21:47"
    },
    {
        "id": "689c0fe761ca79.16298598",
        "name": "Shitol",
        "phone": "1706685943",
        "email": "info@creativedesign.com.bd",
        "age": 20,
        "gender": "male",
        "emergency_contact": "",
        "created_at": "2025-08-13 10:09:11"
    },
    {
        "id": "689d78de8e90c7.33425303",
        "name": "Md. Faruque Hossain",
        "phone": "+8801706685943",
        "email": "faruquehossain1662025@gmail.com",
        "age": 52,
        "gender": "male",
        "emergency_contact": "",
        "created_at": "2025-08-14 11:49:18"
    },
    {
        "id": "689ef2e141deb8.60610778",
        "name": "Shaheer",
        "phone": "0170000000",
        "email": "shaheer@gmail.com",
        "age": 16,
        "gender": "male",
        "emergency_contact": "",
        "created_at": "2025-08-15 14:42:09"
    },
    {
        "id": "689f1a52980d17.69319636",
        "name": "Md. Faruque Hossain",
        "phone": "01706685943",
        "email": "faruquehossain1662025@gmail.com",
        "age": 0,
        "gender": "male",
        "address": "379, Rupnagar, Bardail, Dhamrai",
        "blood_group": "AB+",
        "medical_history": "",
        "allergies": "",
        "emergency_contact": "",
        "notes": "",
        "created_at": "2025-08-15 17:30:26"
    }
]