[
    {
        "id": "689c19c25b9b56.50108003",
        "name": "Md. Faruque Hossain",
        "email": "faruquehossain1662025@gmail.com",
        "phone": "01706685943",
        "service": "dfhfgh",
        "rating": 5,
        "comment": "ভভ",
        "approved": true,
        "created_at": "2025-08-13 10:51:14",
        "approved_at": "2025-08-13 11:07:09"
    },
    {
        "id": "689d5f70083ae9.38748130",
        "name": "Md. Faruque Hossain",
        "email": "faruquehossain1662025@gmail.com",
        "phone": "01706685943",
        "service": "dfhfgh",
        "rating": 5,
        "comment": "00",
        "approved": true,
        "created_at": "2025-08-14 10:00:48",
        "approved_at": "2025-08-14 10:01:43"
    },
    {
        "id": "689d5f9d4be9a2.51128400",
        "name": "Md. Faruque Hossain",
        "email": "faruquehossain1662025@gmail.com",
        "phone": "01706685943",
        "service": "dfhfgh",
        "rating": 5,
        "comment": "54164",
        "approved": true,
        "created_at": "2025-08-14 10:01:33",
        "approved_at": "2025-08-14 10:01:48"
    },
    {
        "id": "689d5fa4bf9de7.50983852",
        "name": "Md. Faruque Hossain",
        "email": "faruquehossain1662025@gmail.com",
        "phone": "01706685943",
        "service": "thfg",
        "rating": 5,
        "comment": "320136",
        "approved": true,
        "created_at": "2025-08-14 10:01:40",
        "approved_at": "2025-08-14 10:01:46"
    }
]