[
    {
        "id": "689ad1f9a60273.28708964",
        "name": "স্কেলিং ও পলিশিং",
        "description": "দাঁতের উপর জমে থাকা প্লাক ও টার্টার পরিষ্কার করা এবং দাঁত চকচকে করা",
        "price": 1500,
        "duration": "৩০",
        "features": [
            "প্লাক অপসারণ",
            "টার্টার অপসারণ",
            "দাঁতের উজ্জ্বলতা বৃদ্ধি"
        ],
        "image": "",
        "active": true,
        "order": 1,
        "created_at": "2025-08-12 11:32:41"
    },
    {
        "id": "689ad23f3f31b2.57103695",
        "name": "ফিলিং (কম্পোজিট)",
        "description": "ক্ষতিগ্রস্ত দাঁতের গর্ত পূরণ করা কম্পোজিট রেজিন দিয়ে",
        "price": 2000,
        "duration": "45",
        "features": [
            "প্রাকৃতিক রঙ",
            "টেকসই উপাদান",
            "দাঁতের আকার পুনরুদ্ধার"
        ],
        "image": "",
        "active": true,
        "order": 2,
        "created_at": "2025-08-12 11:33:51"
    },
    {
        "id": "689ad27eafddb2.68284947",
        "name": "রুট ক্যানাল ট্রিটমেন্ট (RCT)",
        "description": "দাঁতের ভেতরের সংক্রমণ অপসারণ ও পূরণ",
        "price": 6000,
        "duration": "",
        "features": [
            "ব্যথা দূর",
            "দাঁত সংরক্ষণ",
            "দীর্ঘস্থায়ী সমাধান"
        ],
        "image": "",
        "active": true,
        "order": 0,
        "created_at": "2025-08-12 11:34:54"
    },
    {
        "id": "689ad2bb8beb73.98006368",
        "name": "দাঁত তুলে ফেলা (এক্সট্রাকশন)",
        "description": "ক্ষতিগ্রস্ত বা অতিরিক্ত দাঁত অপসারণ",
        "price": 1000,
        "duration": "20–40 মিনিট",
        "features": [
            "নিরাপদ প্রক্রিয়া",
            "স্থানীয় অ্যানেস্থেসিয়া",
            "দ্রুত সেরে ওঠা"
        ],
        "image": "",
        "active": true,
        "order": 0,
        "created_at": "2025-08-12 11:35:55"
    },
    {
        "id": "689ad2fa2ea027.23648850",
        "name": "দাঁত সাদা করা (Teeth Whitening)",
        "description": "দাঁতের প্রাকৃতিক রঙ উজ্জ্বল করা",
        "price": 5000,
        "duration": "1 ঘণ্টা",
        "features": [
            "তাত্ক্ষণিক ফলাফল",
            "দাগ অপসারণ",
            "স্মাইল উন্নত"
        ],
        "image": "",
        "active": true,
        "order": 0,
        "created_at": "2025-08-12 11:36:58"
    },
    {
        "id": "689ad36192c0b4.13146268",
        "name": "ব্রেস (Orthodontics)",
        "description": "দাঁতের সঠিক বিন্যাসে আনা ব্রেসের মাধ্যমে",
        "price": 25000,
        "duration": "দীর্ঘমেয়াদী (১২-২৪ মাস)",
        "features": [
            "ধাতব\/সেরামিক অপশন",
            "সৌন্দর্য বৃদ্ধি",
            "দাঁতের স্বাস্থ্য উন্নত"
        ],
        "image": "",
        "active": true,
        "order": 0,
        "created_at": "2025-08-12 11:38:41"
    },
    {
        "id": "689ad3e5ac6205.98437840",
        "name": "ডেন্টাল ইমপ্লান্ট",
        "description": "হারানো দাঁতের স্থানে কৃত্রিম দাঁত বসানো",
        "price": 45000,
        "duration": "2–3 সেশন",
        "features": {
            "0": "প্রাকৃতিক চেহারা",
            "2": "দীর্ঘস্থায়ী সমাধান",
            "4": "চিবানোর ক্ষমতা পুনরুদ্ধার"
        },
        "image": "",
        "active": true,
        "order": 0,
        "created_at": "2025-08-12 11:40:53"
    },
    {
        "id": "689ad43692f5f5.93395138",
        "name": "পোরসেলিন ক্রাউন",
        "description": "ক্ষতিগ্রস্ত দাঁত ঢেকে রাখার জন্য পোরসেলিন ক্যাপ বসানো",
        "price": 8000,
        "duration": "1–2 সেশন",
        "features": {
            "0": "প্রাকৃতিক রঙ",
            "2": "দাঁত সুরক্ষা",
            "4": "সৌন্দর্য বৃদ্ধি"
        },
        "image": "",
        "active": true,
        "order": 0,
        "created_at": "2025-08-12 11:42:14"
    },
    {
        "id": "689ad4636d68b0.63376031",
        "name": "ডেন্টাল ব্রিজ",
        "description": "এক বা একাধিক হারানো দাঁতের ফাঁকা স্থান পূরণ করা",
        "price": 12000,
        "duration": "1–2 সপ্তাহ",
        "features": {
            "0": "শক্ত কাঠামো",
            "2": "প্রাকৃতিক লুক",
            "4": "চিবানোর ক্ষমতা বৃদ্ধি"
        },
        "image": "",
        "active": true,
        "order": 0,
        "created_at": "2025-08-12 11:42:59"
    }
]