[
    {
        "phone": "+88001706685943",
        "message": "প্রিয় Shitol Kar, আপনার অ্যাপয়েন্টমেন্ট (APT202508144815) অনুমোদিত হয়েছে। তারিখ: 2025-08-14, সময়: 09:00। - ইনফিনিটি ডেন্টাল কেয়ার",
        "response": "{\"error\":413,\"msg\":\"Invalid Sender ID\"}",
        "error": "",
        "http_code": 200,
        "timestamp": "2025-08-14 19:12:10"
    },
    {
        "phone": "+88001706685943",
        "message": "প্রিয় Shitol Kar, দুঃখিত! আপনার অ্যাপয়েন্টমেন্ট (APT202508144815) বাতিল করা হয়েছে। আরও তথ্যের জন্য যোগাযোগ করুন। - ইনফিনিটি ডেন্টাল কেয়ার",
        "response": "{\"error\":413,\"msg\":\"Invalid Sender ID\"}",
        "error": "",
        "http_code": 200,
        "timestamp": "2025-08-14 19:18:23"
    },
    {
        "phone": "+88001706685943",
        "message": "প্রিয় Md. Faruque Hossain, আপনার অ্যাপয়েন্টমেন্ট (APT202508141791) অনুমোদিত হয়েছে। তারিখ: 2025-08-14, সময়: 10:00। বিশেষ নির্দেশনা: ধন্যবাদ। - ইনফিনিটি ডেন্টাল কেয়ার",
        "response": "{\"error\":413,\"msg\":\"Invalid Sender ID\"}",
        "error": "",
        "http_code": 200,
        "timestamp": "2025-08-14 19:19:59"
    },
    {
        "phone": "+88001706685943",
        "message": "প্রিয় Md. Faruque Hossain, আপনার অ্যাপয়েন্টমেন্ট (APT202508141791) অনুমোদিত হয়েছে। তারিখ: 2025-08-14, সময়:  নোট:  - ইনফিনিটি ডেন্টাল কেয়ার",
        "response": "{\"error\":413,\"msg\":\"Invalid Sender ID\"}",
        "error": "",
        "timestamp": "2025-08-14 19:57:03"
    },
    {
        "phone": "+88001706685943",
        "message": "প্রিয় Md. Faruque Hossain, আপনার অ্যাপয়েন্টমেন্ট (APT202508141791) অনুমোদিত হয়েছে। তারিখ: 2025-08-14, সময়:  নোট:  - ইনফিনিটি ডেন্টাল কেয়ার",
        "response": "{\"error\":413,\"msg\":\"Invalid Sender ID\"}",
        "error": "",
        "timestamp": "2025-08-14 20:02:14"
    },
    {
        "phone": "+88001706685943",
        "message": "প্রিয় {name}, আপনার অ্যাপয়েন্টমেন্ট আগামীকাল। দয়া করে সময়মতো উপস্থিত হন। ধন্যবাদ - ইনফিনিটি ডেন্টাল কেয়ার",
        "response": "{\"error\":413,\"msg\":\"Invalid Sender ID\"}",
        "error": "",
        "http_code": 200,
        "timestamp": "2025-08-14 20:23:24"
    },
    {
        "phone": "+88001706685943",
        "message": "প্রিয় {name}, আপনার অ্যাপয়েন্টমেন্ট আগামীকাল। দয়া করে সময়মতো উপস্থিত হন। ধন্যবাদ - ইনফিনিটি ডেন্টাল কেয়ার",
        "response": "{\"error\":413,\"msg\":\"Invalid Sender ID\"}",
        "error": "",
        "http_code": 200,
        "timestamp": "2025-08-15 17:30:44"
    },
    {
        "phone": "0170000000",
        "message": "প্রিয় Shaheer, আপনার অ্যাপয়েন্টমেন্ট (APT202508156305) অনুমোদিত হয়েছে। তারিখ: 2025-08-15, সময়: 17:00। - ইনফিনিটি ডেন্টাল কেয়ার",
        "response": "Invalid Bangladesh Number",
        "error": "Phone number is not a valid Bangladeshi mobile number",
        "http_code": 0,
        "timestamp": "2025-08-15 17:36:07"
    }
]